SOC,sand,silt,clay,BD,FC,FC_33,PWP
1.0,-0.311*,0.1893340403661457,0.563*,-0.19201736470359332,0.321*,0.346*,0.466*
-0.311*,1.0,-0.973*,-0.715*,-0.17364451787499774,-0.673*,-0.688*,-0.360*
0.1893340403661457,-0.973*,1.0,0.533*,0.15185731497483113,0.623*,0.627*,0.2716073201530851
0.563*,-0.715*,0.533*,1.0,0.17543357256979905,0.577*,0.618*,0.496*
-0.19201736470359332,-0.17364451787499774,0.15185731497483113,0.17543357256979905,1.0,0.391*,0.370*,0.11278017081033336
0.321*,-0.673*,0.623*,0.577*,0.391*,1.0,0.968*,0.561*
0.346*,-0.688*,0.627*,0.618*,0.370*,0.968*,1.0,0.546*
0.466*,-0.360*,0.2716073201530851,0.496*,0.11278017081033336,0.561*,0.546*,1.0
