Feature,VIF
SOC,2.746625767483389
sand,13585519237920.049
silt,9276209325170.95
clay,1024826402860.5066
BD,1.836088898902444
Ka,1.4364368808032333
EC,1.453597100380327
SAR,1.7940279275024722
WR,1.643487448479147
pH,2.346830771025743
θ-10 kPa,20.495820402737017
θ-33 kPa,20.610956130358375
θ-1500 kPa,2.1563399855757477
Intercept,3002399751580330.5
